<application>
  <component name="ProjectJdkTable">
    <jdk version="2">
      <name value="Go 1.8" />
      <type value="Go SDK" />
      <version value="1.8" />
      <homePath value="/usr/local/go" />
      <roots>
        <classPath>
          <root type="composite">
            <root url="file:///usr/local/go/src" type="simple" />
          </root>
        </classPath>
        <sourcePath>
          <root type="composite">
            <root url="file:///usr/local/go/src" type="simple" />
          </root>
        </sourcePath>
      </roots>
      <additional />
    </jdk>
  </component>
</application>