<keymap version="1" name="Custom Visual Studio" parent="Visual Studio">
  <action id="$Copy">
    <keyboard-shortcut first-keystroke="ctrl c" />
    <keyboard-shortcut first-keystroke="meta c" />
  </action>
  <action id="$Cut">
    <keyboard-shortcut first-keystroke="meta x" />
  </action>
  <action id="$Paste">
    <keyboard-shortcut first-keystroke="meta v" />
  </action>
  <action id="$Redo">
    <keyboard-shortcut first-keystroke="shift meta z" />
  </action>
  <action id="$SelectAll">
    <keyboard-shortcut first-keystroke="meta a" />
  </action>
  <action id="$Undo">
    <keyboard-shortcut first-keystroke="meta z" />
  </action>
  <action id="ActivateDebugToolWindow">
    <keyboard-shortcut first-keystroke="alt 5" />
    <keyboard-shortcut first-keystroke="ctrl meta alt d" />
  </action>
  <action id="ActivateGraphQLToolWindow">
    <keyboard-shortcut first-keystroke="ctrl meta alt g" />
  </action>
  <action id="ActivateInspectionResultsToolWindow">
    <keyboard-shortcut first-keystroke="ctrl meta alt i" />
  </action>
  <action id="ActivateJsonParserToolWindow">
    <keyboard-shortcut first-keystroke="ctrl meta alt j" />
  </action>
  <action id="ActivateProjectToolWindow">
    <keyboard-shortcut first-keystroke="meta b" />
  </action>
  <action id="ActivateTODOToolWindow">
    <keyboard-shortcut first-keystroke="alt 6" />
    <keyboard-shortcut first-keystroke="ctrl meta alt t" />
  </action>
  <action id="ActivateTerminalToolWindow">
    <keyboard-shortcut first-keystroke="ctrl back_quote" />
  </action>
  <action id="Arrangement.Rule.Group.Condition.Move.Up" />
  <action id="Arrangement.Rule.Match.Condition.Move.Down" />
  <action id="Arrangement.Rule.Match.Condition.Move.Up" />
  <action id="CloseContent">
    <keyboard-shortcut first-keystroke="ctrl f4" />
    <keyboard-shortcut first-keystroke="meta w" />
  </action>
  <action id="CommentByLineComment">
    <keyboard-shortcut first-keystroke="ctrl slash" />
    <keyboard-shortcut first-keystroke="ctrl divide" />
    <keyboard-shortcut first-keystroke="ctrl colon" />
    <keyboard-shortcut first-keystroke="meta slash" />
  </action>
  <action id="Debug">
    <keyboard-shortcut first-keystroke="alt f5" />
    <keyboard-shortcut first-keystroke="f5" />
  </action>
  <action id="Diagram.SelectAll" />
  <action id="Diff.FocusOppositePane" />
  <action id="Diff.FocusOppositePaneAndScroll" />
  <action id="Diff.NextChange" />
  <action id="Diff.PrevChange" />
  <action id="Editor Copy">
    <keyboard-shortcut first-keystroke="meta c" />
  </action>
  <action id="Editor Cut">
    <keyboard-shortcut first-keystroke="meta x" />
  </action>
  <action id="Editor Paste">
    <keyboard-shortcut first-keystroke="meta v" />
  </action>
  <action id="Editor Redo">
    <keyboard-shortcut first-keystroke="shift meta z" />
  </action>
  <action id="Editor SelectAll">
    <keyboard-shortcut first-keystroke="meta a" />
  </action>
  <action id="Editor Undo">
    <keyboard-shortcut first-keystroke="meta z" />
  </action>
  <action id="EditorDecreaseFontSize">
    <keyboard-shortcut first-keystroke="meta minus" />
  </action>
  <action id="EditorDeleteToLineEnd">
    <keyboard-shortcut first-keystroke="meta delete" />
  </action>
  <action id="EditorDeleteToLineStart">
    <keyboard-shortcut first-keystroke="meta back_space" />
  </action>
  <action id="EditorDeleteToWordEnd">
    <keyboard-shortcut first-keystroke="ctrl delete" />
    <keyboard-shortcut first-keystroke="alt delete" />
  </action>
  <action id="EditorDeleteToWordStart">
    <keyboard-shortcut first-keystroke="ctrl back_space" />
    <keyboard-shortcut first-keystroke="alt back_space" />
  </action>
  <action id="EditorDuplicateLines">
    <keyboard-shortcut first-keystroke="shift alt up" />
    <keyboard-shortcut first-keystroke="shift alt down" />
  </action>
  <action id="EditorIncreaseFontSize">
    <keyboard-shortcut first-keystroke="meta equals" />
  </action>
  <action id="EditorIndentSelection">
    <keyboard-shortcut first-keystroke="tab" />
    <keyboard-shortcut first-keystroke="meta close_bracket" />
  </action>
  <action id="EditorLineEnd">
    <keyboard-shortcut first-keystroke="end" />
    <keyboard-shortcut first-keystroke="meta right" />
  </action>
  <action id="EditorLineEndWithSelection">
    <keyboard-shortcut first-keystroke="shift end" />
    <keyboard-shortcut first-keystroke="shift meta right" />
  </action>
  <action id="EditorLineStart">
    <keyboard-shortcut first-keystroke="home" />
    <keyboard-shortcut first-keystroke="meta left" />
  </action>
  <action id="EditorLineStartWithSelection">
    <keyboard-shortcut first-keystroke="shift home" />
    <keyboard-shortcut first-keystroke="shift meta left" />
  </action>
  <action id="EditorNextWord">
    <keyboard-shortcut first-keystroke="ctrl right" />
    <keyboard-shortcut first-keystroke="alt right" />
  </action>
  <action id="EditorNextWordWithSelection">
    <keyboard-shortcut first-keystroke="shift ctrl right" />
    <keyboard-shortcut first-keystroke="shift alt right" />
  </action>
  <action id="EditorPreviousWord">
    <keyboard-shortcut first-keystroke="ctrl left" />
    <keyboard-shortcut first-keystroke="alt left" />
  </action>
  <action id="EditorPreviousWordWithSelection">
    <keyboard-shortcut first-keystroke="shift ctrl left" />
    <keyboard-shortcut first-keystroke="shift alt left" />
  </action>
  <action id="EditorSelectLine">
    <keyboard-shortcut first-keystroke="meta l" />
  </action>
  <action id="EditorTextEnd">
    <keyboard-shortcut first-keystroke="ctrl end" />
    <keyboard-shortcut first-keystroke="meta down" />
  </action>
  <action id="EditorTextEndWithSelection">
    <keyboard-shortcut first-keystroke="shift ctrl end" />
    <keyboard-shortcut first-keystroke="shift meta down" />
  </action>
  <action id="EditorTextStart">
    <keyboard-shortcut first-keystroke="ctrl home" />
    <keyboard-shortcut first-keystroke="meta up" />
  </action>
  <action id="EditorTextStartWithSelection">
    <keyboard-shortcut first-keystroke="shift ctrl home" />
    <keyboard-shortcut first-keystroke="shift meta up" />
  </action>
  <action id="EditorToggleUseSoftWraps">
    <keyboard-shortcut first-keystroke="alt z" />
  </action>
  <action id="EditorUnindentSelection">
    <keyboard-shortcut first-keystroke="shift tab" />
    <keyboard-shortcut first-keystroke="meta open_bracket" />
  </action>
  <action id="Find">
    <keyboard-shortcut first-keystroke="ctrl f" />
    <keyboard-shortcut first-keystroke="alt f3" />
    <keyboard-shortcut first-keystroke="meta f" />
  </action>
  <action id="FindInPath">
    <keyboard-shortcut first-keystroke="shift meta f" />
  </action>
  <action id="Go.NewGoFile">
    <keyboard-shortcut first-keystroke="meta n" />
  </action>
  <action id="GoFmtFileAction">
    <keyboard-shortcut first-keystroke="shift ctrl alt f" />
    <keyboard-shortcut first-keystroke="shift ctrl f" />
  </action>
  <action id="GoImportsFileAction">
    <keyboard-shortcut first-keystroke="ctrl meta alt f14" />
  </action>
  <action id="GotoDeclaration">
    <keyboard-shortcut first-keystroke="f12" />
    <keyboard-shortcut first-keystroke="shift f2" />
    <keyboard-shortcut first-keystroke="ctrl b" />
    <mouse-shortcut keystroke="control button1" />
    <mouse-shortcut keystroke="button2" />
    <keyboard-shortcut first-keystroke="shift meta d" />
  </action>
  <action id="Graph.ZoomIn">
    <keyboard-shortcut first-keystroke="shift meta equals" />
  </action>
  <action id="Graph.ZoomOut">
    <keyboard-shortcut first-keystroke="shift meta minus" />
  </action>
  <action id="Images.Editor.FitZoomToWindow">
    <keyboard-shortcut first-keystroke="meta f12" />
  </action>
  <action id="InspectCode">
    <keyboard-shortcut first-keystroke="ctrl meta i" />
  </action>
  <action id="MTCompactSidebarAction">
    <keyboard-shortcut first-keystroke="shift meta b" />
  </action>
  <action id="MTRemoveWallpaperAction">
    <keyboard-shortcut first-keystroke="shift numpad7" />
  </action>
  <action id="MethodDown" />
  <action id="MethodUp" />
  <action id="MoveEditorToOppositeTabGroup">
    <keyboard-shortcut first-keystroke="ctrl meta up" />
  </action>
  <action id="MoveLineDown">
    <keyboard-shortcut first-keystroke="alt down" />
  </action>
  <action id="MoveLineUp">
    <keyboard-shortcut first-keystroke="alt up" />
  </action>
  <action id="NextEditorTab" />
  <action id="NextSplitter">
    <keyboard-shortcut first-keystroke="ctrl meta right" />
  </action>
  <action id="NextTab">
    <keyboard-shortcut first-keystroke="meta alt right" />
  </action>
  <action id="ParserActionId" />
  <action id="PrevSplitter">
    <keyboard-shortcut first-keystroke="ctrl meta left" />
  </action>
  <action id="PreviousEditorTab" />
  <action id="PreviousTab">
    <keyboard-shortcut first-keystroke="meta alt left" />
  </action>
  <action id="QuickChangeScheme" />
  <action id="QuickImplementations">
    <keyboard-shortcut first-keystroke="shift ctrl i" />
    <mouse-shortcut keystroke="meta button1" />
  </action>
  <action id="RenameElement">
    <keyboard-shortcut first-keystroke="shift f6" />
    <keyboard-shortcut first-keystroke="ctrl meta alt r" />
  </action>
  <action id="ReopenClosedTab">
    <keyboard-shortcut first-keystroke="shift meta t" />
  </action>
  <action id="Resume">
    <keyboard-shortcut first-keystroke="ctrl r" />
  </action>
  <action id="SafeDelete" />
  <action id="SaveAll" />
  <action id="SaveDocument">
    <keyboard-shortcut first-keystroke="meta s" />
  </action>
  <action id="SearchEverywhere">
    <keyboard-shortcut first-keystroke="meta p" />
  </action>
  <action id="SelectNextOccurrence">
    <keyboard-shortcut first-keystroke="alt j" />
    <keyboard-shortcut first-keystroke="meta d" />
  </action>
  <action id="ShowContent" />
  <action id="ShowSettings">
    <keyboard-shortcut first-keystroke="alt f7" />
    <keyboard-shortcut first-keystroke="meta comma" />
  </action>
  <action id="SplitHorizontally">
    <keyboard-shortcut first-keystroke="shift meta back_slash" />
  </action>
  <action id="SplitVertically">
    <keyboard-shortcut first-keystroke="meta back_slash" />
  </action>
  <action id="StepInto">
    <keyboard-shortcut first-keystroke="f11" />
    <keyboard-shortcut first-keystroke="f8" />
    <keyboard-shortcut first-keystroke="ctrl a" />
  </action>
  <action id="StepOver">
    <keyboard-shortcut first-keystroke="f10" />
    <keyboard-shortcut first-keystroke="shift f8" />
    <keyboard-shortcut first-keystroke="ctrl s" />
  </action>
  <action id="Switcher" />
  <action id="ToggleDistractionFreeMode">
    <keyboard-shortcut first-keystroke="alt d" />
  </action>
  <action id="ToggleMainMenuAction">
    <keyboard-shortcut first-keystroke="shift meta alt m" />
  </action>
  <action id="UML.ApplyCurrentLayout" />
  <action id="XDebugger.MoveWatchDown" />
</keymap>